Comment,Description,Designator,Footprint,Quantity,Manufacturer,Manufacturer Part Number,Part Description,Part Number

"SMD Pad","Through Hole Pad","B13","C100","1","","","1mm Diameter SMD Pad","SMD_PAD_D1MM"
"SR60  battery","SR60 6.8x2.15mm Battery 1.5V, 15mAh","BAT1","SR60","1","","","",""
"Value","Battery Holder whit 2 Pin","BH1","BATH_KEYSTONE_2998","1","KEYSTONE","2998","SMD Battery Holder for MC621, V364, SC621, DR13H, DR77, V13AT, 377 Button Cells","BATH_KEYSTONE_2998"
"22uF","Non-polarised capacitor","C1A, C1B, C5A, C5B, C7A, C7B, C46, C47, C71, C79, C81, C85, C87, C116, C117, C119, C122, C123, C136, C137, C139, C142, C154, C155, C156, C157, C158, C161, C162, C163, C164, C165, C168, C169, C170, C171, C172, C173, C174, C175, C176, C177, C423, C454, C455a, C455b, C456, C471, C472, C474, C529, C530, C531, C534, C540, C541, C542, C544, C545, C546, C573","CAPC3216X180N","61","GENERIC","CC1206_22UF_10V_10%_X7R","SMD Multilayer Chip Ceramic Capacitor","CC1206_22UF_10V_10%_X7R"
"1uF","Non-polarised capacitor","C2A, C2B, C3A, C3B, C8A, C8B, C9A, C9B, C13A, C13B, C14A, C14B, C16A, C16B, C17A, C17B, C32, C44, C49, C51, C62, C68, C72, C90, C91, C92, C108, C126, C127, C130, C143, C144, C145, C153, C209, C210, C306, C390, C426, C469, C475, C526, C532, C535, C537, C543, C816, C817, C846","CAPC1608X87N","49","GENERIC","CC0603_1uF_16V_10%_X7R","SMD Multilayer Chip Ceramic Capacitor","CC0603_1UF_16V_10%_X7R"
"100nF","Non-polarised capacitor","C4A, C4B, C6A, C6B, C10A, C10B, C11A, C11B, C15A, C15B, C20, C21, C22, C23, C24, C25, C26, C27, C28, C29, C30, C38, C39, C52, C56, C57, C58, C59, C61, C63, C65, C67, C69, C70, C73, C74, C75, C76, C78, C80, C82, C83, C84, C88, C89, C93, C94, C95, C96, C98, C99, C100, C101, C102, C103, C104, C105, C109, C110, C111, C112, C114, C118, C120, C121, C124, C125, C128, C129, C131, C132, C134, C138, C140, C141, C178, C179, C180, C181, C182, C183, C184, C185, C186, C187, C188, C189, C190, C191, C192, C193, C194, C195, C196, C197, C198, C199, C200, C201, C202, C203, C204, C205, C206, C207, C212, C213, C214, C215, C216, C217, C218, C255, C256, C257, C258, C262, C263, C273, C274, C281, C282, C289, C290, C297, C298, C299, C300, C301, C302, C303, C304, C305, C307, C308, C309, C310, C311, C312, C313, C314, C315, C316, C317, C318, C319, C320, C321, C322, C323, C324, C325, C326, C327, C328, C329, C330, C331, C332, C333, C334, C335, C336, C337, C338, C339, C340, C341, C342, C343, C344, C345, C346, C347, C348, C349, C350, C351, C352, C353, C354, C355, C356, C357, C358, C359, C360, C361, C362, C363, C364, C365, C366, C367, C368, C369, C370, C371, C372, C373, C374, C375, C376, C377, C378, C379, C380, C381, C382, C383, C384, C385, C386, C387, C388, C389, C391, C392, C393, C394, C395, C396, C398, C400, C401, C402, C403, C404, C405, C407, C408, C409, C411, C412, C413, C415, C416, C417, C418, C419, C421, C424, C427, C434, C436, C438, C439, C440, C442, C444, C452, C457, C459, C461, C462, C463, C468, C476, C479, C481, C483, C485, C487, C489, C491, C493, C495, C496, C498, C499, C500, C503, C507, C508, C509, C510, C511, C513, C515, C516, C517, C518, C520, C521, C524, C548, C567, C568, C569, C574, C595, C604, C613, C618, C619, C620, C621, C623, C624, C626, C627, C628, C629, C630, C631, C632, C633, C726, C727, C728, C729, C734, C735, C736, C737, C749, C750, C754, C755, C756, C757, C762, C763, C764, C765, C766, C767, C840, C841, C842, C847, C849, C851, C853, C854, C855, C888","CAPC0603X33N","337","GENERIC","CC0201_100NF_6.3V_10%_X5R","SMD Multilayer Chip Ceramic Capacitor","CC0201_100NF_6.3V_10%_X5R"
"10uF","Non-polarised capacitor","C12A, C12B, C34, C40, C42, C43, C45, C48, C54, C66, C97, C146, C147, C148, C149, C150, C151, C152, C167, C466, C467, C506, C525, C533, C536","CAPC2012X135N","25","GENERIC","CC0805_10UF_16V_10%_X5R","SMD Multilayer Chip Ceramic Capacitor","CC0805_10UF_16V_10%_X5R"
"22pF","Non-polarised capacitor","C18, C19","CAPC1005X55N","2","GENERIC","CC0402_22PF_50V_5%_NP0","SMD Multilayer Chip Ceramic Capacitor","CC0402_22PF_50V_5%_NP0"
"100nF","Non-polarised capacitor","C31, C211, C410, C414, C420, C428, C429, C431, C432, C433, C616, C758, C759","CAPC1005X55N","13","GENERIC","CC0402_100NF_16V_10%_X5R","SMD Multilayer Chip Ceramic Capacitor","CC0402_100NF_16V_10%_X5R"
"150pF","Non-polarised capacitor","C33, C53","CAPC1608X87N","2","GENERIC","CC0603_150PF_50V_5%_NP0","SMD Multilayer Chip Ceramic Capacitor","CC0603_150PF_50V_5%_NP0"
"10nF","Non-polarised capacitor","C35, C60, C406, C547","CAPC1005X55N","4","GENERIC","CC0402_10NF_16V_10%_X7R","SMD Multilayer Chip Ceramic Capacitor","CC0402_10NF_16V_10%_X7R"
"DNP","Non-polarised capacitor","C36, C37","CAPC1005X55N","2","GENERIC","CC0402_15PF_50V_5%_NP0","SMD Multilayer Chip Ceramic Capacitor","CC0402_15PF_50V_5%_NP0"
"150uF","Polarised capacitor","C41, C50, C55, C64, C86, C115, C135, C230, C231, C473, C528, C539","CAPMP7343X200N","12","MURATA","ECASD40G157M016K00","ESR 0R016 Polymer Aluminum Electrolytic Capacitor","CAEM7343-20_150UF_4V_20%_LESR0016"
"100nF","Non-polarised capacitor","C77, C113, C133, C159, C470, C527, C538","CAPC1005X55N","7","GENERIC","CC0402_100NF_16V_10%_X7R","SMD Multilayer Chip Ceramic Capacitor","CC0402_100NF_16V_10%_X7R"
"4.7uF","Non-polarised capacitor","C106, C107, C237, C238, C267, C268, C272, C446, C478, C576, C577, C578, C579, C580, C581, C582, C583, C585, C586, C588, C589, C591, C594, C596, C597, C598, C605, C606, C607, C608, C609, C610, C611, C636, C637, C644, C645, C646, C652, C653, C654, C660, C661, C662, C668, C669, C670, C680, C681, C682, C688, C689, C690, C696, C697, C698, C704, C705, C706","CAPC1608X87N","59","GENERIC","CC0603_4.7uF_6.3V_10%_X5R","SMD Multilayer Chip Ceramic Capacitor","CC0603_4.7UF_6.3V_10%_X5R"
"22nF","Non-polarised capacitor","C160","CAPC1608X87N","1","GENERIC","CC0603_22NF_50V_10%_X7R","SMD Multilayer Chip Ceramic Capacitor","CC0603_22NF_50V_10%_X7R"
"1nF","Non-polarised capacitor","C166, C634, C635","CAPC1005X55N","3","GENERIC","CC0402_1NF_50V_10%_X7R","SMD Multilayer Chip Ceramic Capacitor","CC0402_1NF_50V_10%_X7R"
"15pF","Non-polarised capacitor","C208","CAPC1005X55N","1","GENERIC","CC0402_15PF_50V_5%_NP0","SMD Multilayer Chip Ceramic Capacitor","CC0402_15PF_50V_5%_NP0"
"100uF","Non-polarised capacitor","C226, C447, C587, C592, C593, C602, C612, C638, C676, C677, C678, C679, C712, C713, C714, C715","CAPC3225X270N","16","GENERIC","CC1210_100UF_6.3V_20%_X5R","SMD Multilayer Chip Ceramic Capacitor","CC1210_100UF_6.3V_20%_X5R"
"220nF","Non-polarised capacitor","C229, C232, C233, C234, C235, C236, C239, C240, C241, C242, C243, C244, C245, C246, C247, C248, C249, C250, C264, C265, C266, C269, C270, C271, C275, C276, C277, C278, C279, C280, C283, C284, C285, C286, C287, C288, C291, C292, C293, C294, C295, C296, C549, C550, C551, C552, C553, C554, C555, C556, C557, C558, C559, C560, C561, C562, C563, C564, C565, C566, C738, C739, C740, C741, C742, C743, C744, C745, C746, C747, C748","CAPC0603X33N","71","GENERIC","CC0201_220NF_6.3V_20%_X5R","SMD Multilayer Chip Ceramic Capacitor","CC0201_220NF_6.3V_20%_X5R"
"22nF","Non-polarised capacitor","C251, C252, C253, C254, C259, C599, C600, C601, C722, C723, C724, C725, C730, C731, C732, C733","CAPC0603X33N","16","GENERIC","CC0201_22NF_6.3V_10%_X5R","SMD Multilayer Chip Ceramic Capacitor","CC0201_22NF_6.3V_10%_X5R"
"470nF","Non-polarised capacitor","C260, C261, C448, C449, C450, C451, C465, C603, C614, C615, C639, C640, C641, C642, C643, C647, C648, C649, C650, C651, C655, C656, C657, C658, C659, C663, C664, C665, C666, C667, C671, C672, C673, C674, C675, C683, C684, C685, C686, C687, C691, C692, C693, C694, C695, C699, C700, C701, C702, C703, C707, C708, C709, C710, C711, C716, C717, C718, C719, C720, C721","CAPC0603X33N","61","GENERIC","CC0201_470NF_4V_20%_X5R","SMD Multilayer Chip Ceramic Capacitor","CC0201_470NF_4V_20%_X5R"
"47uF","Non-polarised capacitor","C430","CAPC3216X180N","1","GENERIC","CC1206_47UF_25V_20%_X5R","SMD Multilayer Chip Ceramic Capacitor","CC1206_47UF_25V_20%_X5R"
"10uF","Non-polarised capacitor","C435, C441, C458, C477, C480, C482, C484, C486, C488, C490, C492, C494, C497, C501, C505, C523, C570, C617, C622, C848, C850, C852","CAPC1608X87N","22","GENERIC","CC0603_10uF_6.3V_20%_X5R","SMD Multilayer Chip Ceramic Capacitor","CC0603_10UF_6.3V_20%_X5R"
"10nF","Non-polarised capacitor","C437, C443, C445, C464","CAPC0603X33N","4","GENERIC","CC0201_10NF_10V_10%_X5R","SMD Multilayer Chip Ceramic Capacitor","CC0201_10NF_10V_10%_X5R"
"33pF","Non-polarised capacitor","C453","CAPC1005X55N","1","GENERIC","CC0402_33PF_50V_5%_C0G","SMD Multilayer Chip Ceramic Capacitor","CC0402_33PF_50V_5%_C0G"
"2.2uF","Non-polarised capacitor","C460","CAPC1005X55N","1","GENERIC","CC0402_2.2UF_6.3V_10%_X5R","SMD Multilayer Chip Ceramic Capacitor","CC0402_2.2UF_6.3V_10%_X5R"
"22uF","Non-polarised capacitor","C502, C504","CAPC1709X100N","2","GENERIC","CC0603_22UF_6.3V_20%_X5R","SMD Multilayer Chip Ceramic Capacitor","CC0603_22UF_6.3V_20%_X5R"
"1uF","Non-polarised capacitor","C519","CAPC1005X55N","1","GENERIC","CC0402_1UF_16V_10%_X5R","SMD Multilayer Chip Ceramic Capacitor","CC0402_1UF_16V_10%_X5R"
"22uF","Polarised capacitor","C522","CAPMP3216X180N","1","GENERIC","CTE3216-18_22UF_6.3V_10%_LESR0900","Low ESR 0R9 Solid Tantalum Chip Capacitor","CTE3216-18_22UF_6.3V_10%_LESR0900"
"22pF","Non-polarised capacitor","C571, C572","CAPC1005X55N","2","GENERIC","CC0402_22PF_50V_5%_C0G","SMD Multilayer Chip Ceramic Capacitor","CC0402_22PF_50V_5%_C0G"
"430pF","Non-polarised capacitor","C584","CAPC1608X100N","1","VISHAY VITRAMON","VJ0603D431KLX","Surface Mount Multilayer Ceramic Chip Capacitors for High Frequency","CC0603_430PF_25V_10%_C0G_VISHAY_VJ0603D431KLX"
"PESD3V3S1UB","ESD protection diode","D1, D6, D16, D27","SODFL1608X65N","4","NXP SEMICONDUCTORS","PESD3V3S1UB","ESD protection diode (23kV)","PESD3V3S1UB"
"SS16","Schottky Diode","D2, D28","DIOM5127X229N","2","VISHAY GENERAL SEMICONDUCTOR","SS16","Surface Mount Schottky Barrier Rectifier","SS16"
"BAT165","Schottky Diode","D3, D4, D5, D8, D14, D15, D22, D23, D24, D25, D29, D30, D31, D32, D33","SOD2512X110N","15","INFINEON","BAT165","Medium Power AF Schottky Diode","BAT165"
"SK26A","Schottky Diode","D7","DIOM5126X265N","1","TAIWAN SEMICONDUCTOR","SK26A","2A, 60V Surface Mount Schottky Barrier Rectifier","SK26A"
"ESD8351XV2T1G","ESD protection diode","D9, D10, D11, D12, D13, D17, D18, D19, D20, D21","SODFL1608X65N","10","NXP SEMICONDUCTORS","ESD8351XV2T1G","ESD protection diode (23kV)","ESD8351XV2T1G"
"PRTR5V0U2X","Ultra Low Capacitance Double Rail-to-Rail ESD Protection Diode","D26","SOT190P230X110-4N","1","NXP SEMICONDUCTORS","PRTR5V0U2X","Ultra Low Capacitance (1pF) Double Rail-to-Rail ESD Protection Diode (8kV)","PRTR5V0U2X"
"100mA-15V","Fuse","F1, F2, F4","FUSR_LITTELFUSE_0805L010","3","LITTELFUSE","0805L010YR","POLYFUSE® Surface Mount Resettable PTC","FUSR_LITTELFUSE_0805L010YR"
"2.5A-16V","Fuse","F3","FUSR_BOURNS_MF-MSMF_STYLE2","1","BOURNS","MF-MSMF250/16X-2","PTC Resettable Fuse","FUSR_BOURNS_MF-MSMF250/16X-2"
"220R@100MHz","Inductor","FB1, FB2, FB3, FB29, FB30","INDC2012X105N","5","MURATA","BLM21PG221SN1D","SMD EMIFIL Suppression Chip Ferrite Bead, SMD EMIFIL Suppression Chip Bead Ferrite","IND0805_MURATA_BLM21PG221SN1D"
"120R@100MHz","","FB4, FB9, FB10, FB11, FB12, FB13, FB14, FB15, FB16, FB17, FB18, FB19, FB20, FB21, FB22, FB23, FB24, FB25, FB31","INDC1005X55N","19","MURATA","BLM15PX121SN1D","SMD EMIFIL Chip Ferrite Bead","IND0402_MURATA_BLM15PX121SN1D"
"60R@100MHz","","FB5, FB6, FB7, FB8","INDC4516X180N","4","MURATA","BLM41PG600SN1L","SMD EMI Suppression Chip Ferrite Bead (BLM41P Series)","IND1806_MURATA_BLM41PG600SN1L"
"120R@100MHz","","FB26, FB27, FB28","INDC1608X65N","3","MURATA","BLM18SG121TN1D","SMD EMIFIL Suppression Chip Ferrite Bead","IND0603_MURATA_BLM18SG121TN1D"
"Heat Sink No Pad","Heat Sink Without Pad","HS1","HSINK_ATS_ATS-50350B-C1-R0","1","ADVENCED THERMAL SOLUTION (ATS)","ATS-50350B-C1-R0","35.0 x 35.0 x 7.5 mm BGA Heat Sink, High Performance maxiFLOW/maxiGRIP-STD","HSINK_ATS_ATS-50350B-C1-R0"
"LPC1768FBD100","LPC1768 Series 64kB 100MHz 32-Bit ARM Cortex-M3 Microcontroller","IC1","QFP50P1600X1600X160-100N","1","NXP SEMICONDUCTORS","LPC1768FBD100","32-bit 100MHz ARM Cortex-M3 Microcontroller, 512kB Flash, 64kB SRAM, with Ethernet, USB 2.0 Host/Device/OTG, CAN","LPC1768FBD100"
"XC7A200T-3FFG1156C","Artix-6 FPGA, 16 GTPs, 600 User I/Os, 1156-Pin BGA, Speed Grade 2, Commercial Grade, Pb-Free","IC2","BGA1156C100P34X34_3500X3500X335","1","XILINX","XC7A200T-3FFG1156C","Artix-7 FPGA, 16 GTPs, 600 User I/Os, 1156-Pin BGA, Speed Grade 2, Commercial Grade, Pb-Free","XC7A200T-3FFG1156C"
"TPS3808G33DBVT","Low Quiescent Current, Programmable-Delay Supervisory Circuit","IC3","SOT95P280X145-6N","1","TEXAS INSTRUMENTS","TPS3808G33DBVT","3.3V, Low Quiescent Current, Programmable-Delay Supervisory Circuit","TPS3808G33DBVT"
"BZA462A","Quadruple ESD Transient Voltage Suppressor","IC4, IC5","SOT95P275X110-6N","2","NXP SEMICONDUCTORS","BZA462A","Quadruple ESD Transient Voltage Suppressor","BZA462A"
"INA3221AIRGV","Triple-Channel, High-Side Measurement, Shunt and Bus Voltage Monitor With I2C and SMBUS-Compatible Interface","IC6, IC7, IC8","QFN65P400X400X100-17N-S225","3","TEXAS INSTRUMENTS","INA3221AIRGV","Triple-Channel, High-Side Measurement, Shunt and Bus Voltage Monitor With I2C and SMBUS-Compatible Interface","INA3221AIRGV"
"MCP79410-I/SN","I2C Real-Time Clock/Calendar with EEPROM, SRAM, Unique ID and Battery Switchover","IC9","SOIC127P600X175-8N","1","MICROCHIP TECHNOLOGY","MCP79410-I/SN","I2C Real-Time Clock/Calendar with EEPROM, SRAM, Unique ID and Battery Switchover","MCP79410-I/SN"
"TPS53126RGET","Dual Synchronous Step-Down Controller For Low Voltage Power Rails","IC10, IC12, IC43","QFN50P400X400X100-25N-S255","3","TEXAS INSTRUMENTS","TPS53126RGET","Dual Synchronous Step-Down Controller For Low Voltage Power Rails","TPS53126RGET"
"AD8402ARZ1","2-Channel 1k Digital Potentiometer","IC11","SOIC127P600X175-14N","1","ANALOG DEVICES","AD8402ARZ1","2-Channel 1k Digital Potentiometer","AD8402ARZ1"
"TXS0104EPW","4-Bit Bidirectional Voltage-Level Translator For Open-Drain And Push-Pull Applications","IC13","SOP65P640X120-14N","1","TEXAS INSTRUMENTS","TXS0104EPW","4-Bit Bidirectional Voltage-Level Translator For Open-Drain And Push-Pull Applications","TXS0104EPW"
"TPS53353DQP","1.5V to 15V Input (4.5V to 25V Bias), 20A Synchronous Buck SWIFT™ Converter with Eco-mode™","IC14","SON50P500X600X150-23N-R334X557","1","TEXAS INSTRUMENTS","TPS53353DQP","1.5V to 15V Input (4.5V to 25V Bias), 20-A Synchronous Buck SWIFT™ Converter With Eco-mode™","TPS53353DQP"
"MT41K512M8DA-107:P","1.35V, 4Gb (512 Meg x 8) DDR3L SDRAM","IC15, IC16, IC24, IC26","BGA78C80P9X13_800X1050X120","4","MICRON TECHNOLOGY","MT41K512M8DA-107:P","1.35V, 4Gb (512 Meg x 8) DDR3L SDRAM","MT41K512M8DA-107:P"
"SN74AVC2T245RSWR","Dual-Bit Dual-Supply Bus Transceiver With Configurable Voltage Translation and 3-State Outputs","IC17, IC20, IC28, IC29, IC34, IC35, IC36, IC37, IC56","QFN40P140X180X55-10N","9","TEXAS INSTRUMENTS","SN74AVC2T245RSWR","Dual-Bit Dual-Supply Bus Transceiver With Configurable Voltage Translation and 3-State Outputs","SN74AVC2T245RSWR"
"MAX6642ATT90+T","±1°C, SMBus-Compatible Remote/Local Temperature Sensor with Overtemperature Alarm","IC18","SON95P300X300X80-7N-R160X240","1","MAXIM","MAX6642ATT90+T","0°C to +125°C, ±1°C, SMBus-Compatible Remote/Local Temperature Sensor with Overtemperature Alarm (Address 1001 000)","MAX6642ATT90+T"
"MIC5219-3.3YM5","500mA Peak Output LDO Regulator","IC19","SOT95P280X145-5N","1","MICROCHIP TECHNOLOGY","MIC5219-3.3YM5","3.3V 500mA Peak Output Low Drop-Out  (LDO) Regulator","MIC5219-3.3YM5"
"FT4232H-56Q","Quad High Speed USB to Multipurpose UART/MPSSE IC","IC21","QFN50P800X800X100-57N-S620","1","FUTURE TECHNOLOGY DEVICES INTERNATIONAL (FTDI)","FT4232H-56Q","Quad High Speed USB to Multipurpose UART/MPSSE IC","FT4232H-56Q"
"SN74AVC8T245RHL","8-Bit Dual-Supply Bus Transceiver With Configurable Voltage Translation and 3-State Outputs","IC23, IC40, IC41","TEXAS_RHL (S-PVQFN-N24)","3","TEXAS INSTRUMENTS","SN74AVC8T245RHL","8-Bit Dual-Supply Bus Transceiver With Configurable Voltage Translation and 3-State Outputs","SN74AVC8T245RHL"
"PCA9306DCTR","Dual Bidirectional I2C Bus And SMBus Voltage-Level Translator","IC25, IC39, IC42","SOP65P400X130-8N","3","TEXAS INSTRUMENTS","PCA9306DCTR","Dual Bidirectional I2C Bus And SMBus Voltage-Level Translator","PCA9306DCTR"
"AT24MAC602-XHM","1.7V to 5.5V, I2C-Compatible (2-wire) 2-Kbit (256 x 8) Serial EEPROM","IC27","SOP65P640X120-8N","1","ATMEL","AT24MAC602-XHM","1.7V to 5.5V, I2C-Compatible (2-wire) 2-Kbit (256 x 8) Serial EEPROM with a EUI-64 Address","AT24MAC602-XHM"
"LM75AIM/NOPB","Digital Temperature Sensor and Thermal Watchdog with Two-Wire Interface","IC30, IC31, IC32, IC33","SOIC127P600X175-8N","4","TEXAS INSTRUMENTS","LM75AIM/NOPB","-25° to +100°C ±2°C Digital Temperature Sensor and Thermal Watchdog with Two-Wire Interface","LM75AIM/NOPB"
"NB6N11SMNG","3.3V 1:2 AnyLevel Input to LVDS Fanout Buffer / Translator","IC38, IC51, IC83, IC85","QFN50P300X300X100-17N-S185","4","ON SEMICONDUCTOR","NB6N11SMNG","3.3V 1:2 AnyLevel Input to LVDS Fanout Buffer / Translator","NB6N11SMNG"
"TPS51200DRCT","Sink/Source DDR Termination Regulator","IC44","SON50P300X300X100-11N-R175X250","1","TEXAS INSTRUMENTS","TPS51200DRCT","3.3V Sink/Source DDR Termination Regulator","TPS51200DRCT"
"SN74AUP1T87DCKR","Low Power, 1.8/2.5/3.3-V In, 3.3-V CMOS Out, 2-Input Positive Exclusive-NOR Gate, DCK0005A, LARGE T&R","IC45","DCK0005A_L","1","Texas Instruments","","",""
"SN74CB3T3257PW","4-BIT 1-OF-2 FET Multiplexer/Demultiplexer 2.5V/3.3V Low-Voltage Bus Switch 5V Tolerant Shifter","IC46","SOP65P640X120-16N","1","TEXAS INSTRUMENTS","SN74CB3T3257PW","4-Bit 1-of-2 FET Multiplexer/Demultiplexer 2.5V/3.3V Low-Voltage Bus Switch 5V Tolerant Shifter","SN74CB3T3257PW"
"SN74LV541APWR","Octal Buffer/Line Driver with 3-State Outputs","IC47","SOP65P640X120-20N","1","TEXAS INSTRUMENTS","SN74LV541APWR","Octal Bus Transceiver/Driver with 3-State Outputs","SN74LV541APWR"
"FIN1101K8X","LVDS Single Port High Speed Repeater","IC48, IC50, IC52","SOP50P310X90-8N","3","FAIRCHILD SEMICONDUCTOR","FIN1101K8X","LVDS Single Port High Speed Repeater","FIN1101K8X"
"NC7SZ157P6X","TinyLogic® UHS 2-Input Non-Inverting Multiplexer","IC49, IC72, IC75","SOT65P210X110-6N","3","FAIRCHILD SEMICONDUCTOR","NC7SZ157P6X","TinyLogic® UHS 2-Input Non-Inverting Multiplexer","NC7SZ157P6X"
"AD5662BRMZ-1","2.7V to 5.5V, 250uA, Rail-to-Rail Output 16-Bit nanoDAC","IC53, IC82","SOP65P490X110-8N","2","ANALOG DEVICES","AD5662BRMZ-1","2.7V to 5.5V, 250uA, Rail-to-Rail Output 16-Bit nanoDAC","AD5662BRMZ-1"
"TL431ACDBZT","Precision Reference 1=Cathode 2=Adj 3=Anode","IC54","SOT95P237X112-3N","1","TEXAS INSTRUMENTS","TL431ACDBZT","Vref (2.5V) To 36V 1% Precision Programmable Reference","TL431ACDBZT"
"NCP3170ADR2G","Synchronous PWM Switching Converter","IC55, IC57","SOIC127P600X175-8N","2","ON SEMICONDUCTOR","NCP3170ADR2G","Synchronous PWM Switching Converter","NCP3170ADR2G"
"STM811SW16F","Microprocessor Reset Circuit","IC58","SOT143N","1","ST MICROELECTRONICS","STM811SW16F","2.93V Reset Threshold Voltage Microprocessor Reset Circuit","STM811SW16F"
"SN65MLVD082DGG","8-Channel Half-Duplex M-LVDS Line Transceiver","IC59","SOP50P810X120-64N","1","TEXAS INSTRUMENTS","SN65MLVD082DGG","8-Channel Half-Duplex M-LVDS Line Transceiver","SN65MLVD082DGG"
"M93C46-WMN6TP","2.5 to 5.5 V, 1Kb (128x8) Serial Microwire Bus EEPROM","IC60","SOIC127P600X175-8N","1","ST MICROELECTRONICS","M93C46-WMN6TP","1Kbit (128 x 8 bit or 64 x 16 bit) MICROWIRE® Serial Access EEPROM","M93C46-WMN6TP"
"TPS82130SIL","3V to 17V Input 3A Step-Down Converter MicroSiP™ Module with Integrated Inductor","IC61","TEXAS_SIL0008D (uSIP)","1","TEXAS INSTRUMENTS","TPS82130SIL","3V to 17V Input 3A Step-Down Converter MicroSiP™ Module with Integrated Inductor","TPS82130SIL"
"TCA9548ARGER","Low Voltage 8-Channel I2C Switch With Reset","IC62, IC63","QFN50P400X400X100-25N-S220","2","TEXAS INSTRUMENTS","TCA9548ARGER","Low Voltage 8-Channel I2C Switch With Reset","TCA9548ARGER"
"MT25QL256ABA8ESF-0AAT","256Mbit (32MB), 2.7V-3.6V, Multiple I/O Serial NOR Flash Memory,with Reset# & Hold#","IC65","SOIC127P1030X265-16N","1","MICRON TECHNOLOGY","MT25QL256ABA8ESF-0AAT","256Mbit (32MB), 2.7V-3.6V, Multiple I/O Serial NOR Flash Memory,with Reset# & Hold# (Automotive grade AEC-Q100)","MT25QL256ABA8ESF-0AAT"
"MCP23016-I/SO","16-bit I/O I2C I/O Expander","IC66","SOIC127P1030X265-28N","1","MICROCHIP TECHNOLOGY","MCP23016-I/SO","16-bit I2C I/O Expander","MCP23016-I/SO"
"AT24C64D-SSHM-T","64K (8192 x 8), I2C-Compatible (2-Wire) Serial EEPROM","IC71","SOIC127P600X175-8N","1","ATMEL","AT24C64D-SSHM-T","1.7V to 5.5V, 64K (8192 x 8), I2C-Compatible (2-Wire) Serial EEPROM","AT24C64D-SSHM-T"
"8V54816ANLG","16-Port, Bi-directional M-LVDS Clock Cross-Point Switch","IC73","QFN40P1200X1200X90-101N-S690","1","INTEGRATED DEVICE TECHNOLOGY (IDT)","8V54816ANLG","16-Port, Bi-directional M-LVDS Clock Cross-Point Switch","8V54816ANLG"
"LD1117DT33CTR","3-Terminal Regulator 1=GND 2=IN 3=OUT","IC74","TO228P972X240-3N-R540X510","1","ST MICROELECTRONICS","LD1117DT33CTR","3.3V 800mA Low drop fixed and adjustable positive voltage regulators","LD1117DT33CTR"
"Advanced TCA","Connector 60 ATCA Female 30 Pairs (60 Signals) + 3x10 Ground","J1, J2","TYCO_6469081-1","2","TYCO ELECTRONICS","6469081-1","60 Positions, Pitch 2.5mm,  Advanced TCA, Z-PACK HM-Zd Right Angle Press Fit Receptacle","TYCO_6469081-1"
"Mini-Fit Jr.™","Connector 4 Male","J4","MOLEX_39-28-1043","1","MOLEX","39-28-1043","4.20mm (.165"") Pitch Mini-Fit Jr.™ Header, Dual Row, Vertical, without Snap-in Plastic Peg PCB Lock, 4 Circuits","MOLEX_39-28-1043"
"U.FL","","J5, J7, J11, J18, J19, J20, J21","HIROSE_U.FL-R-SMT-1(10)","7","HIROSE (HRS)","U.FL-R-SMT-1(10)","Up to 6GHz Ultra Small Surface Mount Male Coaxial Connectors U.FL Series","HIROSE_U.FL-R-SMT-1(10)"
"Milli-Grid™","Connector 14 Male","J6","MOLEX_87832-1420","1","MOLEX","87832-1420","2.00mm (.079"") Pitch Milli-Grid™ Header, Surface Mount, Vertical, Shrouded, 14 Circuits,with Locking Windows and Centre Polarization Slot, PCB Locator","MOLEX_87832-1420"
"Micro-USB AB 2.0","5 Pin + 1 Shield USB Receptacle","J8","HIROSE_ZX62RD-AB-5P8","1","HIROSE (HRS)","ZX62RD-AB-5P8","Micro-USB 2.0 Right Angle, SMD Type AB - Reverse (Top mount), Shell Through Hole","HIROSE_ZX62RD-AB-5P8"
"Header 20","Connector 20 Male","J9","SAMTEC_FTSH-110-01-F-DV-K","1","SAMTEC","FTSH-110-01-F-DV-K","20 Contacts, Pitch 1.27mm, Dual Row Straight Shrouded SMT Micro Header with Keying Shroud","SAMTEC_FTSH-110-01-F-DV-K"
"","Single Pin Female","J12","TYCO_5120913-1","1","TYCO ELECTRONICS","5120913-1","Universal Right Angle Female Power Module Guide (keyed)","TYCO_5120913-1"
"VITA 57","Connector VITA 57, 400 Female contacts in 10 row abcdefghj","J15A, J15B","SAMTEC_ASP-134486-01","2","SAMTEC","ASP-134486-01","400 contacts (10 rows abcdefghj) Surface Mount Female Connector, VITA 57","SAMTEC_ASP-134486-01"
"1.5uH","Inductor With Core","L1, L3, L5, L6, L15, L16","IND_TDK_SPM6530","6","TDK","SPM6530T-1R5M100","SMD Inductor for Power Circuits (Wound Metal), SPM Series","IND_1.5UH_20%_TDK_SPM6530"
"3.3uH","Inductor With Core","L2, L7","IND_WURTH_WE-PD4_L","2","WURTH ELEKTRONIK","74456033","Power Inductor (WE-PD 4 Series)","IND_3.3UH_20%_WURTH_WE-PD4_74456033"
"440nH","Inductor With Core","L8","IND_PULSE_PA0513","1","PULSE ELECTRONICS","PA0513.441NLT","SMT Power Inductor","IND_440NH_20%_PULSE_PA0513.441NLT"
"1uH","Inductor With Core","L10, L11, L12, L13","IND_PANASONIC_ELLVGG","4","PANASONIC","ELLVGG1R0N","Wire Wound SMD Power Inductor, G Series, Type ELLVGG","IND_1UH_30%_PANASONIC_ELLVGG1R0N"
"Blue","LED Blue Avago C120","LED1","LED_AVAGO_HSME-C120rev","1","AVAGO TECHNOLOGIES","HSMR-C120","High Performance Right Angle Chip Blue LED","LED_AVAGO_HSMR-C120"
"Green","LED Green Avago C120","LED2","LED_AVAGO_HSME-C120rev","1","AVAGO TECHNOLOGIES","HSME-C120","High Performance Right Angle Chip Green LED","LED_AVAGO_HSME-C120"
"Red/Green/Blue","Right Angle Tricolor (RGB) Surface Mount LED, Body 3.2x1mm","LED3","LED_OPTEK_OVSRRGBCC3_a","1","OPTEK / TT ELECTRONICS","OVSRRGBCC3","Side Mount, Full-Color (RGB), 1204 Surface Mount LED (150° Viewing Angle)","LED_OPTEK_OVSRRGBCC3_a"
"Red","LED Red 1C 2A","LED6, LED7, LED8, LED9, LED10, LED11, LED12, LED13, LED14, LED15, LED16, LED17","LED_KINGBRIGHT_KPH-1608SURCK","12","KINGBRIGHT","KPH-1608SURCK","SMD Hyper Red LED, Case 1.6mmX0.8mm(0603), 0.65mm Thickness","LED_KINGBRIGHT_KPH-1608SURCK"
"0.2-800MHz","Ultra Low Jitter I2C Programmable Crystal Oscillator (XO), Si549 Series","OSC1, OSC2","OSC_SILICON-LAB_SI549-A","2","SILICON LABS","549BACB001937ABG, 549CBAC000112ABG","0.2-800MHz, 1.8V/2.5V/3.3V ±20ppm LVDS, Ultra Low Jitter I2C Programmable Crystal Oscillator (XO), Si549 Series","OSC_0.2-800MHZ_SILICON-LAB_549BACB001937ABG"
"125MHz","Crystal Oscillator 6 pins, Si511 (LVDS/LVPECL/HCSL/Dual CMOS)","OSC3","OSC_SILICON-LAB_SI511-6N(3.2X5)","1","SILICON LABS","511BBA125M000BAGR","3.3V, ±50ppm, -40°C to +85°C, LVDS XO Oscillator, Si510 Series","OSC_125MHZ_SILICON-LAB_511BBA125M000BAGR"
"Push Button","Push-Button Switch SPDT","PB1","SW_C&K_HDT0001","1","C&K","HDT0001","5VDC 1mA SPST-NO Micro Mini Surface Surface Mount Detect Push-Button Switch, HDT Serie","SW_C&K_HDT0001"
"Push Button","Push-Button Switch SPDT","PB2","PB_ALPS_SKHHLMA010","1","ALPS","SKHHLMA010","6x6mm, SPST Horizontal Pushbutton Switch, Stem height 3.85mm, Contact Rating 50mA 12VDC, SKHH Series","PB_ALPS_SKHHLMA010"
"IRF9317TRPBF","-30V -16A P-Channel HEXFET® Power MOSFET","Q1, Q2, Q13","SOIC127P600X175-8N","3","INTERNATIONAL RECTIFIER","IRF9317TRPBF","-30V -16A P-Channel HEXFET® Power MOSFET","IRF9317TRPBF"
"BSS138LT1G","N-CHANNEL MOSFET WITH DIODE","Q3, Q4, Q7, Q8, Q9, Q10, Q11, Q14, Q15, T1, T2, T7, T8, T9, T12, T16","SOT95P240X110-3N","16","ON SEMICONDUCTOR","BSS138LT1G","50V 200mA N-Channel Enhancement Mode Field-Effect Transistor","BSS138LT1G"
"BC847B","NPN Transistor","Q5, Q6, Q12, Q16","SOT95P230X110-3N","4","NXP SEMICONDUCTORS","BC847B","45V 100mA NPN general-purpose transistors","BC847B"
"Si2315BDS-T1-E3","P-CHANNEL MOSFET WITH DIODE","Q17","SOT95P237X112-3N","1","VISHAY SILICONIX","Si2315BDS-T1-E3","-12V -3A P-Channel STripFET® II Power MOSFET","Si2315BDS-T1-E3"
"IRF9310TRPBF","-30V -20A P-Channel HEXFET® Power MOSFET","Q18","SOIC127P600X175-8N","1","INTERNATIONAL RECTIFIER","IRF9310TRPBF","-30V -20A P-Channel HEXFET® Power MOSFET","IRF9310TRPBF"
"IRF9910TRPBF","Dual SO-8 MOSFET For POL Cconverter","Q19, Q20, Q21, Q22, Q23, Q24","SOIC127P600X175-8N","6","INTERNATIONAL RECTIFIER","IRF9910TRPBF","20V 10A(Q1) 20V 12A (Q2) Dual SO-8 MOSFET For POL Cconverter","IRF9910TRPBF"
"0","Resistor, Resistor - 1%","R1, R35, R56, R60, R70, R80, R118, R124, R135, R137, R139, R151, R154, R155, R157, R209, R226, R227, R230, R232, R233, R234, R235, R253, R254, R258, R289, R290, R299, R348, R383, R394, R395, R396, R397, R398, R399, R400, R410, R418, R420, R422, R433, R434, R435, R443, R444, R447, R451, R452, R457, R458, R459, R460, R461, R481, R485, R487, R489, R491, R493, R542, R550, R552, R553, R554, R555, R564","RESC1005X40N","68","GENERIC","R0402_0R_JUMPER","1A (0.05R Max DC Resistance) Zero Ohm Jumper","R0402_0R_JUMPER"
"10k","Resistor - 1%","R2, R3, R4, R5, R6, R19, R30, R31, R33, R34, R36, R37, R38, R39, R40, R55, R57, R58, R59, R61, R67, R71, R78, R79, R82, R85, R92, R97, R98, R99, R100, R101, R102, R103, R104, R105, R114, R117, R119, R120, R121, R122, R125, R126, R133, R138, R140, R141, R145, R146, R147, R149, R158, R159, R162, R164, R165, R180, R207, R217, R221, R222, R225, R231, R236, R237, R238, R240, R241, R242, R246, R255, R264, R265, R268, R270, R274, R275, R276, R280, R281, R282, R297, R300, R301, R302, R305, R306, R319, R322, R323, R324, R325, R326, R329, R330, R331, R332, R333, R336, R338, R339, R341, R342, R413, R414, R415, R416, R419, R421, R423, R424, R425, R426, R427, R428, R429, R430, R453, R462, R463, R464, R465, R466, R467, R468, R469, R470, R471, R473, R499, R501, R503, R557, R558, R559, R560","RESC1005X40N","137","GENERIC","R0402_10K_1%_0.0625W_100PPM","General Purpose Thick Film Chip Resistor","R0402_10K_1%_0.0625W_100PPM"
"100","Resistor - 1%","R7, R8, R9, R10, R11, R12, R13, R14, R15, R16, R17, R18, R96, R142, R152, R153, R239, R346","RESC1005X40N","18","GENERIC","R0402_100R_1%_0.0625W_100PPM","General Purpose Thick Film Chip Resistor","R0402_100R_1%_0.0625W_100PPM"
"4k7","Resistor - 1%","R20, R21, R22, R49, R50, R69, R131, R160, R166, R220, R272, R380, R381","RESC1005X40N","13","GENERIC","R0402_4K7_1%_0.0625W_100PPM","General Purpose Thick Film Chip Resistor","R0402_4K7_1%_0.0625W_100PPM"
"330","Resistor - 1%","R23, R24, R132, R161, R175, R277, R278, R279, R293, R310, R311, R312, R349, R367, R373, R387, R389, R392","RESC1005X40N","18","GENERIC","R0402_330R_1%_0.0625W_100PPM","General Purpose Thick Film Chip Resistor","R0402_330R_1%_0.0625W_100PPM"
"5k1","Resistor - 1%","R25, R26, R41, R42, R73, R87, R95, R223, R259, R315, R316, R317, R379","RESC1608X55N","13","GENERIC","R0603_5K1_1%_0.1W_100PPM","General Purpose Thick Film Chip Resistor","R0603_5K1_1%_0.1W_100PPM"
"100","Resistor - 1%","R32, R437","RESC1005X40N","2","GENERIC","R0402_100R_1%_0.1W_100PPM_50V","General Purpose Thick Film Chip Resistor","R0402_100R_1%_0.1W_100PPM"
"24k9","Resistor - 0.1%","R43, R62","RESC1608X55N","2","GENERIC","R0603_24K9_0.1%_0.063W_10PPM","Thin Film Chip Resistor","R0603_24K9_0.1%_0.063W_10PPM"
"2k","Resistor - 1%","R44","RESC1608X55N","1","GENERIC","R0603_2K_1%_0.1W_100PPM","General Purpose Thick Film Chip Resistor","R0603_2K_1%_0.1W_100PPM"
"100k","Resistor - 1%","R45, R52, R64, R106, R109, R110, R179, R214, R269, R403, R406, R440, R556","RESC1005X40N","13","GENERIC","R0402_100K_1%_0.0625W_100PPM","General Purpose Thick Film Chip Resistor","R0402_100K_1%_0.0625W_100PPM"
"1k5","Resistor - 1%","R46, R247, R248","RESC1608X55N","3","GENERIC","R0603_1K5_1%_0.1W_100PPM","General Purpose Thick Film Chip Resistor","R0603_1K5_1%_0.1W_100PPM"
"2k2","Resistor - 1%","R47, R81, R83, R136, R169, R178, R244, R271, R283, R307, R308, R337, R347, R411, R412, R417, R431, R432, R439, R454, R455","RESC1005X40N","21","GENERIC","R0402_2K2_1%_0.0625W_100PPM","General Purpose Thick Film Chip Resistor","R0402_2K2_1%_0.0625W_100PPM"
"1k6","Resistor - 1%","R48","RESC1608X55N","1","GENERIC","R0603_1K6_1%_0.1W_100PPM","General Purpose Thick Film Chip Resistor","R0603_1K6_1%_0.1W_100PPM"
"4k3","Resistor - 1%","R53, R84, R90","RESC1608X55N","3","GENERIC","R0603_4K3_1%_0.1W_100PPM","General Purpose Thick Film Chip Resistor","R0603_4K3_1%_0.1W_100PPM"
"1k3","Resistor - 1%","R54, R86, R91","RESC1608X55N","3","GENERIC","R0603_1K3_1%_0.1W_100PPM","General Purpose Thick Film Chip Resistor","R0603_1K3_1%_0.1W_100PPM"
"2k49","Resistor - 0.1%","R63","RESC1608X55N","1","GENERIC","R0603_2K49_0.1%_0.063W_10PPM","Thin Film Chip Resistor","R0603_2K49_0.1%_0.063W_10PPM"
"510","Resistor - 1%","R65, R66, R74, R76, R77, R88, R93, R256","RESC1005X40N","8","GENERIC","R0402_510R_1%_0.0625W_100PPM","General Purpose Thick Film Chip Resistor","R0402_510R_1%_0.0625W_100PPM"
"0R002","Power and Current Sensing Resistor","R68, R75, R89, R94, R257, R266, R267, R350","RES_VISHAY_WSK2512_0R005-0R2","8","VISHAY DALE","WSK25122L000FEA","Power Metal Strip® Resistor, Low Value","R2512_0R002_1%_1W_35PPM_VISHAY_WSK"
"3k3","Resistor - 1%","R72, R115, R116, R127, R472","RESC1608X55N","5","GENERIC","R0603_3K3_1%_0.1W_100PPM","General Purpose Thick Film Chip Resistor","R0603_3K3_1%_0.1W_100PPM"
"DNP","Resistor - 1%","R107","RESC1608X55N","1","GENERIC","R0603_75K_1%_0.1W_100PPM","General Purpose Thick Film Chip Resistor","R0603_75K_1%_0.1W_100PPM"
"75k","Resistor - 1%","R108","RESC1608X55N","1","GENERIC","R0603_75K_1%_0.1W_100PPM","General Purpose Thick Film Chip Resistor","R0603_75K_1%_0.1W_100PPM"
"2","Resistor - 1%","R111, R327, R328","RESC1608X55N","3","GENERIC","R0603_2R_1%_0.1W_200PPM","General Purpose Thick Film Chip Resistor","R0603_2R_1%_0.1W_200PPM"
"169k","Resistor - 1%","R112","RESC1608X55N","1","GENERIC","R0603_169K_1%_0.1W_100PPM","General Purpose Thick Film Chip Resistor","R0603_169k_1%_0.1W_100PPM"
"3R","Resistor - 1%","R113","RESC3216X65N","1","GENERIC","R1206_3R_1%_0.25W_200PPM","General Purpose Thick Film Chip Resistor","R1206_3R_1%_0.25W_200PPM"
"240","Resistor - 1%","R123, R144, R148, R167, R168, R219, R228, R309, R345, R361, R371, R377, R388, R391, R393, R561, R562","RESC1005X40N","17","GENERIC","R0402_240R_1%_0.0625W_100PPM","General Purpose Thick Film Chip Resistor","R0402_240R_1%_0.0625W_100PPM"
"10","Resistor - 1%","R129, R130, R286, R291, R294, R298, R303, R304, R351, R409, R477, R495, R497, R505, R507, R509, R511, R513, R515, R517, R519, R521, R523, R540, R541","RESC1005X40N","25","GENERIC","R0402_10R_1%_0.0625W_200PPM","General Purpose Thick Film Chip Resistor","R0402_10R_1%_0.0625W_200PPM"
"2k4","Resistor - 1%","R134","RESC1005X40N","1","GENERIC","R0402_2K4_1%_0.0625W_100PPM","General Purpose Thick Film Chip Resistor","R0402_2K4_1%_0.0625W_100PPM"
"49R9","Resistor - 1%","R143, R181","RESC0603X28N","2","GENERIC","R0201_49R9_1%_0.05W_200PPM","Thick Film Chip Resistor","R0201_49R9_1%_0.05W_200PPM"
"100","Resistor - 1%","R150, R318","RESC0603X28N","2","GENERIC","R0201_100R_1%_0.05W_200PPM","Thick Film Chip Resistor","R0201_100R_1%_0.05W_200PPM"
"49R9","Resistor - 1%","R163, R177, R182, R183, R184, R185, R186, R187, R188, R189, R190, R191, R192, R193, R194, R195, R196, R197, R198, R199, R200, R201, R202, R203, R204, R205, R206","RESC1005X40N","27","GENERIC","R0402_49R9_1%_0.0625W_100PPM","General Purpose Thick Film Chip Resistor","R0402_49R9_1%_0.0625W_100PPM"
"0","Resistor","R170, R171, R172, R173, R174, R176, R243, R251, R273, R284, R285, R313, R314, R340, R359, R363, R365, R369, R375, R385, R401, R402, R445, R475, R479, R483, R525, R527, R529, R531, R533, R537, R545, R547","RESC0603X28N","34","GENERIC","R0201_0R_JUMPER","1A (0.05R Max DC Resistance) Zero Ohm Jumper","R0201_0R_JUMPER"
"49R9","Resistor - 1%","R211, R382","RESC1005X40N","2","GENERIC","R0402_49R9_1%_0.0625W_100PPM","General Purpose Thick Film Chip Resistor","R0402_49R9_1%_0.0625W_100PPM"
"1M","Resistor - 1%","R213","RESC5025X65N","1","GENERIC","R2010_1M_1%_0.5W_200PPM","Thick Film Chip Resistor","R2010_1M_1%_0.5W_200PPM"
"1k8","Resistor - 1%","R260, R261","RESC1608X55N","2","GENERIC","R0603_1K8_1%_0.1W_100PPM","General Purpose Thick Film Chip Resistor","R0603_1K8_1%_0.1W_100PPM"
"453","Resistor - 0.1%","R262, R263","RESC1608X55N","2","GENERIC","R0603_453R_0.1%_0.063W_10PPM","Thin Film Chip Resistor","R0603_453R_0.1%_0.063W_10PPM"
"1k","Resistor - 1%","R287, R288","RESC1005X40N","2","GENERIC","R0402_1K_1%_0.0625W_100PPM","General Purpose Thick Film Chip Resistor","R0402_1K_1%_0.0625W_100PPM"
"100k","Resistor - 1%","R320, R321","RESC3216X65N","2","GENERIC","R1206_100K_1%_0.25W_100PPM","General Purpose Thick Film Chip Resistor","R1206_100K_1%_0.25W_100PPM"
"12k","Resistor - 1%","R334","RESC1005X40N","1","GENERIC","R0402_12K_1%_0.0625W_100PPM","General Purpose Thick Film Chip Resistor","R0402_12K_1%_0.0625W_100PPM"
"0R47","Resistor - 1%","R335","RESC3216X65N","1","YAGEO PHYCOMP","RL1206FR-7W0R47  (35051914707)","Low Ohmique High Power Chip Resistor","R1206_0R47_1%_0.5W_600PPM"
"DNP","Resistor - 1%","R343, R344","RESC1005X40N","2","GENERIC","R0402_0R_JUMPER","1A (0.05R Max DC Resistance) Zero Ohm Jumper","R0402_0R_JUMPER"
"33k2","Resistor - 0.1%","R404, R405","RESC1608X55N","2","GENERIC","R0603_33K2_0.1%_0.063W_10PPM","Thin Film Chip Resistor","R0603_33K2_0.1%_0.063W_10PPM"
"24k","Resistor - 1%","R407","RESC1005X40N","1","GENERIC","R0402_24K_1%_0.0625W_100PPM","General Purpose Thick Film Chip Resistor","R0402_24K_1%_0.0625W_100PPM"
"91k","Resistor - 1%","R408","RESC1005X40N","1","GENERIC","R0402_91K_1%_0.0625W_100PPM","General Purpose Thick Film Chip Resistor","R0402_91K_1%_0.0625W_100PPM"
"3k9","Resistor - 1%","R456","RESC1005X40N","1","GENERIC","R0402_3K9_1%_0.0625W_100PPM","General Purpose Thick Film Chip Resistor","R0402_3K9_1%_0.0625W_100PPM"
"Switch","4 Ways SPST DIP Switch","SW1","SW_TYCO_1571983-4","1","TYCO","1571983-4 or GDH04S04","4 Way SPST SMD DIP Switch, Latched, Contact Rating 0.025A 24VDC","SW_TYCO_1571983-4"
"Test Point","Test Point","TP1, TP2, TP3, TP5, TP7, TP8, TP9, TP10, TP11, TP12","TPS127","10","","","1.27mm x 1.27mm PCB Copper Area (SMD Test Point)","SMD_PAD_1.27X1.27MM"
"TP","Testpoint","TP4, TP13, TP14, TP15","TP_large","4","","","",""
"8MHz","Quartz Crystal","X1","XTAL_TXC_7A","1","TXC CORPORATION","7A-8.000MAAE-T","Tolerance: ±30ppm, Stability: ±30ppm, -20°C to +70°C, 12pF, SMD Glass Seam Sealing Crystal, 7A Series","XTAL_8MHZ_TXC_7A-8.000MAAE-T"
"12MHz","Crystal 4 pins 1=XTAL Control 2=GND3=XTAL 4=GND","X2","XTAL_TXC_7M","1","TXC CORPORATION","7M-12.000MAAJ-T","±30ppm 18pF -20°C to +70°C  4 Pins, 3.2x2.5X0.8mm, SMD Sealing Crystal, 7M Series","XTAL_12MHZ_TXC_7M-12.000MAAJ-T"
"32.768kHz","Crystal 4 pins 1=XTAL Control 2 And 3=NC 4=XTAL","X3","XTAL_ABRACON_ABS25","1","ABRACON","ABS25-32.768KHZ-T","Tolerance: ± 20ppm, -40°C to +85°C, 12.5pF, SMD Crystal, ABS25 Series","XTAL_32.768KHZ_ABRACON_ABS25-32.768KHZ-T"
